title,Ingridients,webLink,Images
Gennaro's classic spaghetti carbonara,"['3 large free-range egg yolks', '40 g Parmesan cheese , plus extra to serve', '1 x 150 g piece of higher-welfare pancetta', '200 g dried spaghetti', '1 clove of garlic', 'extra virgin olive oil']",https://www.jamieoliver.com/recipes/pasta-recipes/gennaro-s-classic-spaghetti-carbonara/,//img.jamieoliver.com/jamieoliver/recipe-database/oldImages/large/1558_1_1436795948.jpg?tr=w-330
A basic recipe for fresh egg pasta,"['6 large free-range eggs', '600 g Tipo 00 flour']",https://www.jamieoliver.com/recipes/pasta-recipes/a-basic-recipe-for-fresh-egg-pasta/,//img.jamieoliver.com/jamieoliver/recipe-database/oldImages/large/5_1_1439294464.jpg?tr=w-330
Super-quick fresh pasta,"['2 large handfuls of plain flour , plus extra for dusting']",https://www.jamieoliver.com/recipes/pasta-recipes/super-quick-fresh-pasta/,https://img.jamieoliver.com/jamieoliver/recipe-database/105104803.jpg?tr=w-330
Scruffy aubergine lasagne,"['3 large aubergines , (400g each)', '3 onions', '6 cloves of garlic', '1 bunch of fresh sage , (30g)', 'olive oil', '1 teaspoon dried chilli flakes', '1 lemon', '2 x 400 g tins of quality plum tomatoes', '80 g mature Cheddar cheese', '80 g Parmesan cheese', '300 g fresh lasagne sheets', '50 g blanched almonds']",https://www.jamieoliver.com/recipes/pasta-recipes/scruffy-aubergine-lasagne/,https://img.jamieoliver.com/jamieoliver/recipe-database/92507808.jpg?tr=w-330
Meatballs &  pasta,"[""12 Jacob's cream crackers"", '4 sprigs of fresh rosemary', '2 heaped teaspoons Dijon mustard', '500 g quality minced beef, pork, or a mixture of the two', '1 heaped tablespoon dried oregano', '1 large free-range egg', 'olive oil', '1 bunch of fresh basil', '1 medium onion', '2 cloves of garlic', '½ a fresh or dried red chilli', '2 x 400 g tin of plum tomatoes', '2 tablespoons balsamic vinegar', '400 g dried spaghetti or penne', 'Parmesan cheese']",https://www.jamieoliver.com/recipes/pasta-recipes/meatballs-and-pasta/,//img.jamieoliver.com/jamieoliver/recipe-database/oldImages/large/331_1_1436865256.jpg?tr=w-330
Buddy’s tuna pasta,"['1 leek', '½ a fresh chilli , optional', '1 clove of garlic', '1 x 400 g tin of quality plum tomatoes', '1 x 80 g tin of tuna in spring water , from sustainable sources', '130 g dried spaghetti', '2 sprigs of fresh basil', 'Parmesan cheese , to serve']",https://www.jamieoliver.com/recipes/pasta-recipes/buddy-s-tuna-pasta/,https://img.jamieoliver.com/jamieoliver/recipe-database/123301865.jpg?tr=w-330
Joe Lycett's wild boar ragù,"['1.5 kg higher-welfare wild boar , sinew removed (use a mixture of shoulder, leg and loin)', '4 red onions', '2 carrots', '2 sticks of celery', '5 juniper berries', '5 fresh bay leaves', '1 bottle of Trecciano Chianti red wine', '50 g higher-welfare pancetta or lardo', 'olive oil', '700 g passata', '2 litres organic beef stock', 'Parmesan cheese , optional', 'extra virgin olive oil', 'PASTA DOUGH', '4 large free-range eggs', '2 tablespoons olive oil , plus extra for greasing', '1 kg Tipo 00 flour , plus extra for dusting']",https://www.jamieoliver.com/recipes/ragu-recipes/joe-lycett-s-wild-boar-rag/,https://img.jamieoliver.com/jamieoliver/recipe-database/118092352.jpg?tr=w-330
Whole roasted ricotta pasta,"['1 bunch of fresh oregano , (30g)', '3 cloves of garlic', 'olive oil', 'red wine vinegar', '400 g mixed-colour cherry tomatoes', '1 red pepper', '1 yellow pepper', '1 onion', '2 fresh red chillies', '1 tablespoon baby capers', '250 g quality ricotta cheese', '450 g rigatoni pasta', '30 g Parmesan cheese']",https://www.jamieoliver.com/recipes/pasta-recipes/whole-roasted-ricotta-pasta/,https://img.jamieoliver.com/jamieoliver/recipe-database/117867065.jpg?tr=w-330
Joe Wicks' ravioli alla Napoletana,"['PASTA DOUGH', '600 g Tipo ‘00’ flour , plus extra for dusting', '18 large free-range eggs', 'semolina or rice flour , for dusting', 'RICOTTA & PROSCIUTTO FILLING', '2 slices of higher-welfare prosciutto', '1 lemon', '1 whole nutmeg , for grating', '100 g Parmesan cheese', '250 g Westcombe ricotta', 'QUICK TOMATO SAUCE', '2 cloves of garlic', 'olive oil', '1 teaspoon dried chilli flakes', '1 x 400 g tin of quality cherry tomatoes', '½ a bunch of fresh basil , (15g)', 'LEMON SAUCE', '50 g unsalted butter', '1 lemon', '50 g Parmesan cheese , plus extra for grating', 'extra virgin olive oil']",https://www.jamieoliver.com/recipes/pasta-recipes/joe-wicks-ravioli-alla-napoletana/,https://img.jamieoliver.com/jamieoliver/recipe-database/117461949.jpg?tr=w-330
Creamy prawn linguine,"['150 g dried linguine', '2 cloves of garlic', '160 g raw peeled king prawns , from sustainable sources', '4 rashers of higher-welfare smoked pancetta', 'olive oil', '50 ml Italian red wine', '1 heaped tablespoon mascarpone cheese', '50 g rocket', '10 g Parmesan cheese']",https://www.jamieoliver.com/recipes/pasta-recipes/creamy-prawn-linguine/,https://img.jamieoliver.com/jamieoliver/recipe-database/119338870.jpg?tr=w-330
Stinging nettle ravioli,"['500 g Tipo “00” flour , plus extra for dusting', '5 large free-range eggs', '250 g stinging nettles or greens , such as spinach', '2 leeks', 'unsalted butter', '½ a bunch of fresh marjoram or thyme , (15g)', '1 whole nutmeg', '100 g Parmesan cheese', '100 g soft cheese such as ricotta, brie, feta']",https://www.jamieoliver.com/recipes/pasta-recipes/stinging-nettle-ravioli/,https://img.jamieoliver.com/jamieoliver/recipe-database/107466081.jpg?tr=w-330
Quick green pasta,"['6 spring onions', '1 leek', '1 large handful of Tenderstem broccoli spears', 'olive oil', '2 cloves of garlic', '100 g frozen spinach', '2 large handfuls of frozen peas', '450 g dried pasta', '50 g Parmesan cheese , plus extra to serve', 'extra virgin olive oil', 'optional: fresh herbs , to serve']",https://www.jamieoliver.com/recipes/pasta-recipes/quick-green-pasta/,https://img.jamieoliver.com/jamieoliver/recipe-database/105564455.jpg?tr=w-330
Buddy's Bolognese,"['2 free-range pork sausages', 'olive oil', '500 g lean beef mince', '2 onions', '2 cloves of garlic', '1 large carrot', '1 stick of celery', '1 courgette', '2 tablespoons thick balsamic vinegar', '2 x 400 g tins of plum tomatoes', '1 heaped teaspoon tomato purée', '450 g dried spaghetti', 'Parmesan cheese , to serve']",https://www.jamieoliver.com/recipes/pasta-recipes/buddys-bolognese/,https://img.jamieoliver.com/jamieoliver/recipe-database/103736983.jpg?tr=w-330
Beautiful courgette carbonara,"['6 medium green and yellow courgettes', '500 g penne', '4 large free-range eggs', '100 ml single cream', '1 small handful of Parmesan cheese', 'olive oil', '6 slices of higher-welfare back bacon', '½ a bunch of fresh thyme , (15g)', 'a few courgette flowers , (optional)']",https://www.jamieoliver.com/recipes/pasta-recipes/beautiful-courgette-penne-carbonara/,https://img.jamieoliver.com/jamieoliver/recipe-database/94356757.jpg?tr=w-330
Summer tagliatelle,"['1 bunch of fresh basil , (30g)', '½ a clove of garlic', '50 g blanched almonds', 'extra virgin olive oil', '25 g Parmesan cheese , plus extra to serve', '¼ of a lemon', '1 Maris Piper potato', '125 g green beans', '300 g tagliatelle', '200 g delicate summer veg , such as broad beans, peas, tenderstem broccoli']",https://www.jamieoliver.com/recipes/pasta-recipes/summer-tagliatelle/,https://img.jamieoliver.com/jamieoliver/recipe-database/94741158.jpg?tr=w-330
Sweet leek carbonara,"['2 large leeks', '4 cloves of garlic', '4 sprigs of fresh thyme', '1 knob of unsalted butter', 'olive oil', '300 g dried spaghetti', '50 g Parmesan or pecorino cheese , plus extra to serve', '1 large free-range egg']",https://www.jamieoliver.com/recipes/pasta-recipes/sweet-leek-carbonara/,https://img.jamieoliver.com/jamieoliver/recipe-database/92507809.jpg?tr=w-330
Greens mac 'n' cheese,"['1 large leek', '3 cloves of garlic', '400 g purple sprouting or tenderstem broccoli', '40 g unsalted butter', '½ a bunch of fresh thyme , (15g)', '2 tablespoons plain flour', '1 litre semi-skimmed milk', '450 g dried macaroni', '30 g Parmesan cheese', '150 g mature Cheddar cheese', '100 g baby spinach', '50 g flaked almonds']",https://www.jamieoliver.com/recipes/pasta-recipes/greens-mac-n-cheese/,https://img.jamieoliver.com/jamieoliver/recipe-database/92507790.jpg?tr=w-330
Honeymoon spaghetti,"['1 x 1.5 kg crab or lobster', '30 g unsalted butter', 'olive oil', '2 cloves of garlic', '1 fresh red chilli', '450 g mussels', '100 g squid', '200 g raw shell-off tiger prawns or small prawns', '450 g dried spaghetti', '1 bunch of flat-leaf parsley , (30g)', '1 bunch of marjoram , (30g)', '1 large free-range egg', 'Sauce', '3 cloves of garlic', '1 fresh red chilli', 'olive oil', '2 x 400 g tins of quality plum tomatoes']",https://www.jamieoliver.com/recipes/pasta-recipes/honeymoon-spaghetti/,https://img.jamieoliver.com/jamieoliver/recipe-database/103355886.jpg?tr=w-330
Basic recipe for fresh egg pasta dough,"[""600 g Tipo '00' flour"", '6 large free-range eggs , or 12 large free-range egg yolks']",https://www.jamieoliver.com/recipes/pasta-recipes/basic-recipe-for-fresh-egg-pasta-dough/,https://img.jamieoliver.com/jamieoliver/recipe-database/90297564.jpg?tr=w-330
"Rotolo of spinach, squash & ricotta","['450 g', '½ a butternut squash', 'olive oil', '1 teaspoon coriander seeds', '1 teaspoon fennel seeds', '½ a dried red chilli', '1 handful of fresh marjoram , or oregano', '2 cloves of garlic', '800 g spinach', '250 g unsalted butter', '1 whole nutmeg , for grating', '150 g crumbly ricotta cheese', '50 g Parmesan cheese , plus extra for serving', '20 fresh sage leaves']",https://www.jamieoliver.com/recipes/pasta-recipes/rotolo-of-spinach-squash-ricotta/,https://img.jamieoliver.com/jamieoliver/recipe-database/90246167.jpg?tr=w-330
Broccoli & anchovy orecchiette,"['2 large heads of broccoli', '2 large cloves of garlic', '8 anchovy fillets , in oil, from sustainable sources', '4 good knobs of butter', '2-4 small dried red chillies , to taste', '450 g dried orecchiette', 'Parmesan cheese']",https://www.jamieoliver.com/recipes/pasta-recipes/broccoli-anchovy-orecchiette/,https://img.jamieoliver.com/jamieoliver/recipe-database/89080408.jpg?tr=w-330
"Spaghetti with anchovies, dried chilli & pangrattato","['450 g dried spaghetti', '2 cloves of garlic', 'olive oil', '16 anchovy fillets', '2 lemons', '2 small dried red chillies', 'PANGRATTATO', 'olive oil', '1 clove of garlic', '1 good handful of fresh thyme', '200 g fresh breadcrumbs']",https://www.jamieoliver.com/recipes/pasta-recipes/spaghetti-with-anchovies-dried-chilli-pangrattato/,https://img.jamieoliver.com/jamieoliver/recipe-database/89080412.jpg?tr=w-330
Epic vegan lasagne,"['20 g dried porcini mushrooms', '2 large red onions', '6 cloves of garlic', '2 carrots', '2 sticks of celery', '2 sprigs of fresh rosemary', 'olive oil', '1 teaspoon dried chilli flakes', '2 fresh bay leaves', '100 ml vegan Chianti wine', '1 x 400 g tin of green lentils', '2 x 400 g tins of quality plum tomatoes', '750 g mixed wild mushrooms', '½ a bunch of fresh thyme , (15g)', '2 slices of sourdough , (100g)', '70 g vegan Cheddar cheese', '½ a bunch of fresh sage , (15g)', 'extra virgin olive oil', 'PASTA', '400 g durum wheat flour , or fine semolina flour, plus extra for dusting', 'WHITE SAUCE', 'olive oil', '4 heaped tablespoons plain flour', '800 ml almond milk']",https://www.jamieoliver.com/recipes/pasta-recipes/epic-veg-lasagne/,https://img.jamieoliver.com/jamieoliver/recipe-database/85520603.jpg?tr=w-330
Danny Devito's family pasta,"['400 g durum wheat flour , plus extra for dusting', '1 kg ripe tomatoes', '6 cloves of garlic', 'olive oil', '2 peperoni cruschi , (dried Senise peppers)', '100 g quality breadcrumbs', 'extra virgin olive oil']",https://www.jamieoliver.com/recipes/pasta-recipes/danny-devito-s-family-pasta/,https://img.jamieoliver.com/jamieoliver/recipe-database/83653989.jpg?tr=w-330
Amazing ravioli,"['¼ x', 'fine semolina , for dusting', 'FILLING', '1 radicchio , or 2 red chicory (150g in total)', '1 large red onion', '80 ml balsamic vingar', 'olive oil', '1 bunch of fresh thyme , (30g)', '300 g Maris Piper potatoes', '50 g Parmesan cheese , plus extra to serve', '100 g fontina cheese', '75 g blanched hazelnuts', '40 g unsalted butter', 'extra virgin olive oil']",https://www.jamieoliver.com/recipes/pasta-recipes/amazing-ravioli/,https://img.jamieoliver.com/jamieoliver/recipe-database/83619428.jpg?tr=w-330
Classic tomato spaghetti,"['2 cloves of garlic', '1 fresh red chilli', '1 bunch of fresh basil , (30g)', '300 g dried spaghetti', 'olive oil', '1 x 400 g tin of quality plum tomatoes', '80 g Parmesan cheese']",https://www.jamieoliver.com/recipes/pasta-recipes/classic-tomato-spaghetti-and-parmesan/,https://img.jamieoliver.com/jamieoliver/recipe-database/91994146.jpg?tr=w-330
Squash & spinach pasta rotolo,"['1 butternut squash , (roughly 1.2kg)', '1 red onion', 'olive oil', '1 teaspoon dried thyme', '500 g frozen spinach', '1 whole nutmeg , for grating', '4 cloves of garlic', '1 x 700 ml jar of passata', '6 large fresh pasta sheets , (roughly 15cm x 20cm each)', '50 g feta cheese', '20 g Parmesan cheese', 'a few sprigs of fresh sage , optional']",https://www.jamieoliver.com/recipes/pasta-recipes/squash-spinach-pasta-rotolo/,https://img.jamieoliver.com/jamieoliver/recipe-database/105804440.jpg?tr=w-330
Summer veg lasagne,"['1 bunch of spring onions', '½ x 30 g tin of anchovies in oil , from sustainable sources', '6 cloves of garlic', '700 g asparagus', '500 g frozen peas', '300 g frozen broad beans', '1 big bunch of fresh mint , (60g)', '300 ml single cream', '1 lemon', '300 m organic vegetable stock', '2 x 250 g tubs of cottage cheese', '500 g fresh lasagne sheets', 'Parmesan cheese', 'olive oil', 'a few sprigs of fresh thyme']",https://www.jamieoliver.com/recipes/pasta-recipes/summer-veg-lasagne/,https://img.jamieoliver.com/jamieoliver/recipe-database/75943234.jpg?tr=w-330
Aubergine & black chickpea orecchiette,"['1 x', ', (or 300g dried orecchiette)', '150 g dried black or regular chickpeas', '1 aubergine', '1 courgette', '1 onion', '1 tablespoon olive oil', '½ a lemon']",https://www.jamieoliver.com/recipes/pasta-recipes/aubergine-black-chickpea-orecchiette/,https://img.jamieoliver.com/jamieoliver/recipe-database/77732372.jpg?tr=w-330
Potato gnocchi,"['1 kg floury potatoes , such as Maris Piper, King Edward', '100 g Tipo 00 flour , plus extra for dusting', '1 whole nutmeg , for grating']",https://www.jamieoliver.com/recipes/potato-recipes/potato-gnocchi/,https://img.jamieoliver.com/jamieoliver/recipe-database/77878571.jpg?tr=w-330
Corteccia,"['400 g durum wheat flour , or fine semolina flour, plus extra for dusting', '400 g sprouting broccoli , or cime di rapa', 'olive oil', '2 cloves of garlic', '4 anchovy fillets in oil , from sustainable sources', '1 pinch of dried red chilli flakes', '40 g pecorino , or Parmesan cheese, plus extra to serve', 'extra virgin olive oil', '1 lemon']",https://www.jamieoliver.com/recipes/pasta-recipes/corteccia/,https://img.jamieoliver.com/jamieoliver/recipe-database/98055251.jpg?tr=w-330
Orecchiette,"['400 g durum wheat flour , or fine semolina flour, plus extra for dusting']",https://www.jamieoliver.com/recipes/pasta-recipes/orecchiette/,https://img.jamieoliver.com/jamieoliver/recipe-database/77732368.jpg?tr=w-330
Sausage linguine,"['150 g dried linguine', '200 g broccoletti , or sprouting broccoli', 'olive oil', '1 large higher-welfare sausage , (125g)', '1 clove of garlic', '2 anchovy fillets in oil , from sustainable sources', '1 pinch of dried red chilli flakes', '100 ml Frascati white wine', '20 g pecorino , or Parmesan cheese', 'extra virgin olive oil']",https://www.jamieoliver.com/recipes/pasta-recipes/sausage-linguine/,https://img.jamieoliver.com/jamieoliver/recipe-database/77878570.jpg?tr=w-330
Tuna fettuccine,"['50 g whole almonds', '1 small onion', '2 cloves of garlic', '4 anchovy fillets in oil , from sustainable sources', 'olive oil', '300 g dried fettuccine , or linguine', '4 baby courgettes , with flowers', '300 g yellowfin tuna , from sustainable sources', '1 x 400 g tin of quality cherry tomatoes', '1 lemon', '30 g pecorino cheese', 'extra virgin olive oil']",https://www.jamieoliver.com/recipes/pasta-recipes/tuna-fettuccine/,https://img.jamieoliver.com/jamieoliver/recipe-database/77460210.jpg?tr=w-330
Sausage cavatelli,"['400 g durum wheat flour , or fine semolina flour, plus extra for dusting', 'olive oil', '1 dried red chilli', '1 dried red pepper , (see tip) or 1 teaspoon sweet paprika', '½ a bunch of fresh thyme , (15g)', '1 large higher-welfare quality spicy sausage , (125g)', '1 red onion', '2 cloves of garlic', '125 ml southern Italian white wine', '1 x 400 g tin of quality plum tomatoes', '40 g pecorino , or Parmesan cheese']",https://www.jamieoliver.com/recipes/pasta-recipes/sausage-cavatelli/,https://img.jamieoliver.com/jamieoliver/recipe-database/77878468.jpg?tr=w-330
Prawn & tuna linguine,"['2 small onions', '4 large raw shell-on prawns , from sustainable sources', 'olive oil', '1 cinnamon stick', '2 anchovy fillets in oil , from sustainable sources', '1 good pinch of saffron', '4 tablespoons white wine vinegar', '50 g shelled unsalted pistachios', 'pecorino or Parmesan cheese rind', '150 g dried linguine', '200 g yellowfin tuna , from sustainable sources', '½ a bunch of fresh flat-leaf parsley , (15g)']",https://www.jamieoliver.com/recipes/pasta-recipes/prawn-tuna-linguine/,https://img.jamieoliver.com/jamieoliver/recipe-database/77638953.jpg?tr=w-330
Asparagus linguine,"['300 g dried linguine', '300 g mixed asparagus , (wild, white, regular)', '4 cloves of garlic', '2 dried red chillies', 'olive oil', '1 knob of unsalted butter', '30 g pecorino , or Parmesan cheese, plus extra to serve', '1 lemon']",https://www.jamieoliver.com/recipes/pasta-recipes/asparagus-linguine/,https://img.jamieoliver.com/jamieoliver/recipe-database/77878573.jpg?tr=w-330
Tortiglioni,"['350 g fresh peas , in their pods', '80 g piece of higher-welfare guanciale (cured pig’s cheek) , or smoked pancetta', '150 g dried tortiglioni , or rigatoni', '2 shallots', '½ a lemon', '½ a bunch of fresh mint , (15g)', '30 g pecorino cheese , plus extra to serve', 'extra virgin olive oil', 'pea shoots , to serve (optional)']",https://www.jamieoliver.com/recipes/pasta-recipes/tortiglioni/,https://img.jamieoliver.com/jamieoliver/recipe-database/77878569.jpg?tr=w-330
Nonna Teresa's pasta,"['300 g dried bucatini , or rigatoni', 'olive oil', '50 g coarse stale breadcrumbs', '1 teaspoon dried red chilli flakes', '5 cm fresh horseradish', '2 cloves of garlic', '½ a bunch of fresh thyme , (15g)', '2 dried red peppers , (see tip) or 8 sun-dried tomatoes', 'extra virgin olive oil']",https://www.jamieoliver.com/recipes/pasta-recipes/nonna-teresas-pasta/,https://img.jamieoliver.com/jamieoliver/recipe-database/77878467.jpg?tr=w-330
Veal ragù cannelloni,"['2 onions', '2 sticks of celery', '4 cloves of garlic', '2 medium leeks', '500 g Maris Piper potatoes', '½ a bunch of fresh thyme , (15g)', '40 g unsalted butter', 'olive oil', '4 fresh bay leaves', '500 g minced rose veal', '500 g minced higher-welfare pork shoulder', '300 ml white wine', '1 whole nutmeg , for grating', '2 tablespoons plain flour', '2 litres semi-skimmed milk', '½ teaspoon dried red chilli flakes', '500 g stinging nettles', '500 g baby spinach', '240 g mixed cheese , such as Cheddar, Lancashire, Berkswell', '250 g dried cannelloni tubes', '200 g button mushrooms']",https://www.jamieoliver.com/recipes/pasta-recipes/veal-ragu-cannelloni/,https://img.jamieoliver.com/jamieoliver/recipe-database/64503715.jpg?tr=w-330
Ashley Jensen's Umbrian pasta,"['½ x', 'Tipo 00 flour , for dusting', '2 cloves of garlic', '3 fresh porcini mushrooms , (200g in total)', '1 whole Umbrian truffle , (15g)', 'extra virgin olive oil', '2 sprigs of fresh thyme', '2 anchovy fillets in oil , from sustainable sources', '20 g unsalted butter', '20 g Grana Padano cheese']",https://www.jamieoliver.com/recipes/pasta-recipes/umbrian-pasta/,https://img.jamieoliver.com/jamieoliver/recipe-database/83619396.jpg?tr=w-330
Sarah Millican's Tuscan sausage & tomato pasta,"['1 onion', '1 carrot', '1 stick of celery', '1 bunch of fresh basil , (30g)', 'olive oil', '4 quality Italian sausages , (250g in total)', '1 heaped teaspoon fennel seeds', '1 teaspoon dried oregano , ideally the flowering kind', '1 pinch of dried chilli flakes', '1 sprig of fresh rosemary', '4 cloves of garlic', '2 tablespoons balsamic vinegar', '2 x 400 g tins of quality plum tomatoes', '300 g dried penne', '40 g Parmesan cheese , plus extra to serve', 'extra virgin olive oil']",https://www.jamieoliver.com/recipes/pasta-recipes/sarah-millican-s-tuscan-sausage-tomato-pasta/,https://img.jamieoliver.com/jamieoliver/recipe-database/63138398.jpg?tr=w-330
Cracker ravioli,"['1 butternut squash , (1.2kg)', '250 g ricotta cheese', '½ teaspoon dried red chilli flakes', '1 whole nutmeg , for grating', 'olive oil', '200 g vac-packed chestnuts', '½ a bunch of fresh sage , (15g)', '20 g Parmesan cheese , plus extra to serve', 'PASTA', '1 x', '75 g baby spinach', 'semolina , for dusting', 'BUTTER SAUCE', '100 g unsalted butter', '4 clementines', 'TO SERVE', '50 g skin-on almonds']",https://www.jamieoliver.com/recipes/pasta-recipes/cracker-ravioli/,https://img.jamieoliver.com/jamieoliver/recipe-database/63841221.jpg?tr=w-330
Pippa's spaghetti Bolognese,"['½ an onion', '½ a carrot', '1 stick of celery', '50 g higher-welfare pancetta', '15 g unsalted butter', 'olive oil', '250 g higher-welfare minced pork', '250 g minced beef', '150 ml red wine', '3½ heaped tablespoons tomato purée', '1.2 litres organic chicken or vegetable stock', '1 fresh bay leaf', '2 sprigs of fresh oregano', '300 g dried spaghetti', 'Parmesan cheese', 'extra virgin olive oil', '1 sprig of fresh rosemary']",https://www.jamieoliver.com/recipes/pasta-recipes/bolognese/,https://img.jamieoliver.com/jamieoliver/recipe-database/58419467.jpg?tr=w-330
Daisy's macaroni cheese,"['250 g portobello mushrooms', '100 g sun-dried tomatoes in oil', '½ a bunch of fresh thyme (15g)', 'olive oil', '3 rashers of higher-welfare smoked streaky bacon', '70 g breadcrumbs', '½ a bunch of fresh flat-leaf parsley (15g)', '300 g dried macaroni', '80 g unsalted butter', '80 g plain flour', '1 litre whole milk', '50 g Cheddar cheese', '50 g Emmental cheese', '50 g Gruyère cheese', 'higher-welfare chipolata sausages , optional']",https://www.jamieoliver.com/recipes/pasta-recipes/daisy-s-macaroni-cheese/,https://img.jamieoliver.com/jamieoliver/recipe-database/58419471.jpg?tr=w-330
Rosé pesto prawn pasta,"['300 g large raw shell-on king prawns , from sustainable sources', '4 cloves of garlic', '2 heaped teaspoons red pesto', '150 g dried taglierini or angel-hair pasta', '150 ml light rosé wine']",https://www.jamieoliver.com/recipes/prawn-recipes/rose-pesto-prawn-pasta/,https://img.jamieoliver.com/jamieoliver/recipe-database/107865056.jpg?tr=w-330
Pear & gorgonzola farfalle,"['150 g dried farfalle', '75 g Gorgonzola cheese', '½ a radicchio , or 2 red chicory', '2 super-ripe pears', '30 g shelled unsalted walnut halves']",https://www.jamieoliver.com/recipes/pasta-recipes/pear-gorgonzola-farfalle/,https://img.jamieoliver.com/jamieoliver/recipe-database/89080982.jpg?tr=w-330
Spicy 'nduja vongole,"['150 g dried linguine', '500 g clams , scrubbed, from sustainable sources', '20 g higher-welfare ’nduja', '½ a bunch of fresh flat-leaf parsley , (15g)', '100 ml light rosé wine']",https://www.jamieoliver.com/recipes/seafood-recipes/spicy-nduja-vongole/,https://img.jamieoliver.com/jamieoliver/recipe-database/64975493.jpg?tr=w-330
Garlic mushroom pasta,"['150 g dried trofie , or fusilli', '2 cloves of garlic', '250 g mixed mushrooms', '25 g Parmesan cheese', '2 heaped tablespoons half-fat crème fraîche']",https://www.jamieoliver.com/recipes/mushroom-recipes/garlic-mushroom-pasta/,https://img.jamieoliver.com/jamieoliver/recipe-database/73711714.jpg?tr=w-330
Sicilian tuna pasta,"['300 g dried pasta shells', '4 heaped teaspoons baby capers', '500 g ripe mixed-colour cherry tomatoes', '1 tablespoon dried oregano , ideally the flowering kind', '1 x 220 g jar of tuna in olive oil , from sustainable sources']",https://www.jamieoliver.com/recipes/pasta-recipes/sicilian-tuna-pasta/,https://img.jamieoliver.com/jamieoliver/recipe-database/108100220.jpg?tr=w-330
Aubergine penne arrabbiata,"['12 fresh mixed-colour chillies', '2 aubergines , (500g total)', '300 g dried wholewheat penne', '4 cloves of garlic', '1 x 400 g tin of quality plum tomatoes']",https://www.jamieoliver.com/recipes/pasta-recipes/aubergine-penne-arrabbiata/,https://img.jamieoliver.com/jamieoliver/recipe-database/64975500.jpg?tr=w-330
Easy sausage carbonara,"['150 g dried tagliatelle', '3 higher-welfare sausages', '½ a bunch of fresh flat-leaf parsley (15g)', '1 large free-range egg', '30 g Parmesan cheese']",https://www.jamieoliver.com/recipes/pasta-recipes/easy-sausage-carbonara/,https://img.jamieoliver.com/jamieoliver/recipe-database/55846362.jpg?tr=w-330
Amanda's linguine vongole,"['150 g dried linguine', '2 cloves of garlic', '1 bunch of fresh flat-leaf parsley', '500 g clams , scrubbed, from sustainable sources', 'olive oil', '1 pinch of dried red chilli flakes', '125 ml dry white wine', 'extra virgin olive oil']",https://www.jamieoliver.com/recipes/pasta-recipes/amanda-s-linguine-vongole/,https://img.jamieoliver.com/jamieoliver/recipe-database/58426532.jpg?tr=w-330
Crab & fennel spaghetti,"['1 bulb of fennel', '150 g dried spaghetti', '1 fresh red chilli', '160 g ripe mixed-colour cherry tomatoes', '160 g mixed brown & white crabmeat , from sustainable sources']",https://www.jamieoliver.com/recipes/pasta-recipes/crab-fennel-spaghetti/,https://img.jamieoliver.com/jamieoliver/recipe-database/55846357.jpg?tr=w-330
Super green spaghetti,"['150 g dried spaghetti', '4 cloves of garlic', '200 g cavolo nero', '30 g Parmesan cheese', '30 g ricotta cheese']",https://www.jamieoliver.com/recipes/pasta-recipes/super-green-spaghetti/,https://img.jamieoliver.com/jamieoliver/recipe-database/55846383.jpg?tr=w-330
Lemony courgette linguine,"['150 g dried linguine', '2 mixed-colour courgettes', '½ a bunch of fresh mint (15g)', '30 g Parmesan cheese', '1 lemon']",https://www.jamieoliver.com/recipes/pasta-recipes/lemony-courgette-linguine/,https://img.jamieoliver.com/jamieoliver/recipe-database/55846365.jpg?tr=w-330
Ricotta & Parmesan ravioli,"['½ x', '70 g Parmesan cheese , plus extra to serve', '100 g ricotta cheese', '6 medium free-range eggs', '100 g unsalted butter', '1 lemon', '100 g frisée', 'extra virgin olive oil', '6 slices higher-welfare prosciutto']",https://www.jamieoliver.com/recipes/pasta-recipes/ricotta-parmesan-ravioli-with-prosciutto-salad/,https://img.jamieoliver.com/jamieoliver/recipe-database/52110998.jpg?tr=w-330
Carbonara cake,"['300 g dried spaghetti', 'olive oil', '100 g hard cheese , such as Parmesan, Cheddar, Gruyère', '3 large free-range eggs', '250 ml double cream', '250 g cooked smoked higher-welfare ham', '3 sprigs of fresh rosemary']",https://www.jamieoliver.com/recipes/pasta-recipes/carbonara-cake/,https://img.jamieoliver.com/jamieoliver/recipe-database/47750600.jpg?tr=w-330
Mushroom & lentil pappardelle Bolognese,"['1 carrot', '1 onion', '2 cloves of garlic', '1 stick of celery', 'olive oil', '2 fresh bay leaves', '½ a bunch of fresh thyme', '4 large portobello mushrooms', '100 g dried Puy lentils', '2 tablespoons tomato purée', '400 ml organic vegetable stock', '1 x 400 g tin of plum tomatoes', '350 g dried pappadelle', '½ a bunch of fresh baby basil', 'Parmesan cheese']",https://www.jamieoliver.com/recipes/pasta-recipes/mushroom-lentil-pappardelle-bolognese/,https://img.jamieoliver.com/jamieoliver/recipe-database/49213399.jpg?tr=w-330
Sausage pasta,"['350 g broccoli', '4 higher-welfare chipolata sausages', '1-2 fresh red chillies', 'olive oil', '2 teaspoons fennel seeds', '4 cloves of garlic', '2 onions', '½ a bunch of fresh oregano , (15g)', '2 tablespoons red wine vinegar', '1 x 400 g tin of plum tomatoes', '300 g dried wholewheat tagliatelle', '40 g Parmesan cheese']",https://www.jamieoliver.com/recipes/pasta-recipes/sausage-pasta/,https://img.jamieoliver.com/jamieoliver/recipe-database/90246163.jpg?tr=w-330
Squash & ricotta ravioli,"['1 small butternut squash , (900g)', '250 g ricotta cheese', '½ a bunch of fresh basil , (15g)', '3 large free-range eggs', '300 g Tipo 00 or plain flour , plus extra for dusting', '600 ml 7-veg tomato sauce', '70 g rocket', '10 g Parmesan cheese', 'extra virgin olive oil']",https://www.jamieoliver.com/recipes/pasta-recipes/squash-ricotta-ravioli/,https://img.jamieoliver.com/jamieoliver/recipe-database/7HjfVwcN4CZ9tExJYnP7Tr.jpg?tr=w-330
Spinach pici pasta,"['200g baby spinach', '300g Tipo 00 or plain flour , plus extra for dusting', 'olive oil', '4 cloves of garlic', '½ teaspoon dried red chilli flakes', '200g baby courgettes', '320g ripe cherry tomatoes , on the vine', '50g pine nuts', '½ a bunch of fresh basil , (15g)', '50g Parmesan cheese', 'extra virgin olive oil']",https://www.jamieoliver.com/recipes/pasta-recipes/spinach-pici-pasta/,https://img.jamieoliver.com/jamieoliver/recipe-database/7s5f0uUOa8lBK3MzNA1Qjn.jpg?tr=w-330
Mushroom & cauliflower penne,"['2 cloves of garlic', '1 onion', '1 fresh red chilli', '15 g fresh thyme', '250 g chestnut mushrooms', '320 g cauliflower', 'olive oil', '200 g wholewheat penne', '15 g fresh flat-leaf parsley', '100 g ricotta cheese', '1 lemon', '20 g Parmesan cheese']",https://www.jamieoliver.com/recipes/pasta-recipes/mushroom-cauliflower-penne/,https://img.jamieoliver.com/jamieoliver/recipe-database/46325031.jpg?tr=w-330
Tomato & caper linguine,"['400 g dried linguine', 'olive oil', '350 g tomato passata', '5 tablespoons baby capers', '1 lemon', 'Parmesan cheese']",https://www.jamieoliver.com/recipes/pasta-recipes/tomato-caper-linguine/,https://img.jamieoliver.com/jamieoliver/recipe-database/FWu9vav74jz9YKkPYWnU44.jpg?tr=w-330
Christmas carbonara,"['400 g tagliatelle', '150 g mushrooms', '1 clove of garlic', '1 tablespoon olive oil', '50 g Parmesan cheese , plus extra to serve', '3 sprigs of fresh flat-leaf parsley', '6 fresh chives', '2 large free-range egg yolks', '100 g crème fraîche', '80 g cooked ham']",https://www.jamieoliver.com/recipes/pasta-recipes/christmas-carbonara/,https://img.jamieoliver.com/jamieoliver/recipe-database/04uefN8o4DfBUzZEw-JgPE.jpg?tr=w-330
Sausage pasta bake,"['3 cloves of garlic', '50 g mature Cheddar cheese', '50 g stale bread', '2 teaspoons dried oregano', 'olive oil', '4 higher-welfare sausages', '1 pinch of dried chilli flakes', '3 x 400 g tins of quality plum tomatoes', '400 g dried rigatoni']",https://www.jamieoliver.com/recipes/pasta-recipes/sausage-pasta-bake/,https://img.jamieoliver.com/jamieoliver/recipe-database/EE8JvDBE4Iq807-JvFz0o5.jpg?tr=w-330
Spinach lasagne,"['70 g unsalted butter', '50 g plain flour', '800 ml milk', '1 fresh bay leaf', '800 g spinach', '200 g ricotta cheese', '1 whole nutmeg , for grating', '300 g fresh lasagne sheets', '100 g Parmesan cheese']",https://www.jamieoliver.com/recipes/pasta-recipes/spinach-lasagne/,https://img.jamieoliver.com/jamieoliver/recipe-database/2ipm2HQHql2Azq2dLfiA4k.jpg?tr=w-330
Spring veg pasta,"['1 x 350 g bunch of asparagus', '2 small courgettes', '2 large free-range eggs', '60 g crème fraîche', '1 handful of freshly grated Parmesan cheese , plus extra to serve', '½ a lemon', '400 g tagliatelle', 'olive oil', '100 g pancetta', '½ a bunch of fresh mint']",https://www.jamieoliver.com/recipes/pasta-recipes/spring-veg-pasta/,https://img.jamieoliver.com/jamieoliver/recipe-database/AtC9w9uY4U_BzULPknq7GR.jpg?tr=w-330
Pork tonkatsu & noodles,"['2 tablespoons plain flour', '100 g fresh, fine breadcrumbs', '1 large free-range egg', '4 x 120 g higher-welfare pork fillets', '300 g udon noodles', '1 small carrot', '½ an Asian or pointed cabbage', 'low-salt soy sauce', 'vegetable oil', 'mustard', '1 fresh red chilli , optional']",https://www.jamieoliver.com/recipes/pork-recipes/pork-tonkatsu-and-noodles/,https://img.jamieoliver.com/jamieoliver/recipe-database/46264124.jpg?tr=w-330
Spaghetti atterrati,"['6 tablespoons extra virgin olive oil', '3 anchovy fillets , from sustainable sources', '1 clove of garlic', '1 fresh red chilli', '2 medium ripe tomatoes', '320 g dried spaghetti', 'Parmesan cheese , to serve', 'TOPPING', '4 tablespoons fine breadcrumbs', '6 sprigs of fresh parsley', '50 g walnut havles', '2 tablespoons pine nuts']",https://www.jamieoliver.com/recipes/pasta-recipes/spaghetti-atterrati/,https://img.jamieoliver.com/jamieoliver/recipe-database/64xcNyWCau-80yihFld-ZW.jpg?tr=w-330
Pasta and green olives,"['250 g orecchiette', '3 tablespoons olive oil', '2 cloves of garlic', '1 x 150 g jar of green olives (stones in)', '8 tablespoons passata']",https://www.jamieoliver.com/recipes/pasta-recipes/pasta-and-green-olives/,https://img.jamieoliver.com/jamieoliver/recipe-database/9icdZr2MaDw8zr_3CuHgvd.jpg?tr=w-330
World’s most elegant winter pasta,"['1 large leek', '6 cloves of garlic', '2 large handfuls of cavolo nero, dark curly kale or savoy cabbage', '100 ml extra virgin olive oil', '500 g dried pasta , such as penne, linguine or spaghetti', '100 g Parmesan cheese']",https://www.jamieoliver.com/recipes/pasta-recipes/world-s-most-elegant-winter-pasta/,https://img.jamieoliver.com/jamieoliver/recipe-database/CaIW2UumqP89ZYr1_w6MRF.jpg?tr=w-330
Zesty sardine & purple kale spaghetti,"['200 g spaghetti', '½ tablespoon capers', '4 tablespoons olive oil', '6 fresh sardines , scaled and gutted, from sustainable sources', '2 cloves of garlic', '1 lemon', '200 ml dry white wine', '1 head of purple kale', '1 pinch of dried chilli flakes', 'a few sprigs of chervil']",https://www.jamieoliver.com/recipes/pasta-recipes/zesty-sardine-purple-kale-spaghetti/,https://img.jamieoliver.com/jamieoliver/recipe-database/4jkDnJ7tqA4A_weBrHyahM.jpg?tr=w-330
Sicilian spaghetti alla Norma,"['2 aubergines', '3 cloves of garlic', '½ a bunch of fresh basil , (15g)', '1 teaspoon dried oregano', '1 teaspoon dried chilli flakes', 'olive oil', '1 tablespoon baby capers', '1 tablespoon red wine vinegar', '1 x 400 g tin of quality plum tomatoes', '320 g dried wholewheat spaghetti', '50 g pecorino cheese', 'extra virgin olive oil']",https://www.jamieoliver.com/recipes/pasta-recipes/sicilian-spaghetti-alla-norma/,https://img.jamieoliver.com/jamieoliver/recipe-database/FGs_bhZD4h18Hfq6EWSj6y.jpg?tr=w-330
"Pappardelle with peas, broad beans & pecorino","['400 g pappardelle', '1 big handful of peas', '1 big handful of broad beans (outer skins removed)', '½ a bunch of fresh mint', 'extra virgin olive oil', '1 lemon', 'pecorino cheese']",https://www.jamieoliver.com/recipes/pasta-recipes/pappardelle-with-peas-broad-beans-pecorino/,https://img.jamieoliver.com/jamieoliver/recipe-database/46262407.jpg?tr=w-330
Spinach & tortellini soup,"['1 litre organic chicken or vegetable stock', '2 fresh bay leaves', '200 g tortellini', '50 g frozen peas', '1 large handful of spinach']",https://www.jamieoliver.com/recipes/pasta-recipes/spinach-amp-tortellini-soup/,https://img.jamieoliver.com/jamieoliver/recipe-database/1ckZ9_2ZaUj8HYAsrn56sz.jpg?tr=w-330
Double whammy arrabbiata,"['4 fresh red chillies', 'olive oil', '2 cloves of garlic', '3 anchovies, from sustainable sources', '1 teaspoon dried oregano', '1 x 400 g tin of plum tomatoes or 400g passata', '400 g dried pasta', 'PANGRATTATO', '2 slices of bread', 'olive oil', '3 cloves of garlic', '1 dried chilli']",https://www.jamieoliver.com/recipes/pasta-recipes/double-whammy-arrabbiata/,https://img.jamieoliver.com/jamieoliver/recipe-database/AS3i1siAqzN9rT0fJKEpX3.jpg?tr=w-330
Spelt spaghetti,"['olive oil', '½ a bunch of fresh thyme , (15g)', '4 cloves of garlic', '½ -1 fresh red chilli', '1 lemon', '500 g ripe mixed-colour cherry tomatoes , on the vine', '250 g best-quality ricotta cheese', '320 g dried wholewheat spelt spaghetti', '4 handfuls of rocket', 'balsamic vinegar , optional']",https://www.jamieoliver.com/recipes/pasta-recipes/spelt-spaghetti/,https://img.jamieoliver.com/jamieoliver/recipe-database/118797703.jpg?tr=w-330
Casarecce with broccoli & anchovies,"['450 g broccoli', '1 clove of garlic', '1 fresh red chilli', '40 g breadcrumbs', '3 salted anchovies (or 6 anchovies in oil)', '1 tablespoon garlic oil', '4 tablespoons olive oil', '50 g pine nuts', '30 g sultanas', '400 g dried casarecce or penne', '60 each of fresh and aged caciocavallo (or pecorino) cheese']",https://www.jamieoliver.com/recipes/pasta-recipes/casarecce-with-broccoli-anchovies/,https://img.jamieoliver.com/jamieoliver/recipe-database/46257669.jpg?tr=w-330
Penne in salsa di cipolle (Penne with onion sauce),"['500 g red onions', '4 tablespoons olive oil', '½ teaspoon Marmite', '1 teaspoon plain flour', '350 g penne', '25 g butter', 'Parmigiano Reggiano cheese']",https://www.jamieoliver.com/recipes/pasta-recipes/penne-in-salsa-di-cipolle-penne-with-onion-sauce/,https://img.jamieoliver.com/jamieoliver/recipe-database/9-RR13ih44uAX2Rby61KtN.jpg?tr=w-330
"Spaghetti aglio, olio & spring greens","['2 cloves of garlic', '1 fresh red chilli', '1 head of spring greens', '400 g dried spaghetti', 'extra virgin olive oil', '1 large unwaxed lemon', 'Parmesan cheese']",https://www.jamieoliver.com/recipes/pasta-recipes/spaghetti-aglio-olio-spring-greens/,https://img.jamieoliver.com/jamieoliver/recipe-database/46263339.jpg?tr=w-330
Tortellini in brodo,"['300 g beef brisket', '150 g beef shank bones', '300 g free-range chicken thighs and drumsticks, skin on', '½ an onion', '1 stick of celery', '1 carrot', 'PASTA DOUGH', '200 g tipo 00 flour , plus extra for dusting', '2 large free-range eggs', 'FILLING', 'olive oil', '75 g lean minced beef', '75 g higher-welfare prosciutto di Parma', '50 g higher-welfare mortadella di Bologna', '1 pinch of ground nutmeg', '50 g Parmesan cheese , plus extra to serve']",https://www.jamieoliver.com/recipes/pasta-recipes/tortellini-in-brodo/,https://img.jamieoliver.com/jamieoliver/recipe-database/46256740.jpg?tr=w-330
Pasta with aubergine & tomato sauce,"['1 small onion', '2 cloves of garlic', '½ a bunch of fresh basil', '2 aubergines', '4-6 tablespoons olive oil', '1 x 400 g tin of quality chopped tomatoes', '500 g dried rigatoni', '80 g ricotta cheese']",https://www.jamieoliver.com/recipes/pasta-recipes/pasta-with-aubergine-tomato-sauce/,https://img.jamieoliver.com/jamieoliver/recipe-database/46262289.jpg?tr=w-330
Goldie Hawn's fettuccine Alfredo,"['½ x', 'fine semolina , for dusting', '150 ml double cream', '150 ml single cream', '1 large free-range egg', '60 g Parmesan cheese , plus extra to serve', '1 fresh truffle or 1 whole nutmeg , for grating', 'truffle oil']",https://www.jamieoliver.com/recipes/pasta-recipes/goldie-hawn-s-fettuccine-alfredo/,https://img.jamieoliver.com/jamieoliver/recipe-database/83619418.jpg?tr=w-330
Salsa spaghetti,"['320 g dried spaghetti', '600 g mixed ripe tomatoes', '12 black olives (stone in)', '1 bunch of fresh basil', '1 clove of garlic', 'extra virgin olive oil', '2 tablespoons red wine vinegar', '20 g hard Italian cheese']",https://www.jamieoliver.com/recipes/pasta-recipes/salsa-spaghetti/,https://img.jamieoliver.com/jamieoliver/recipe-database/64928485.jpg?tr=w-330
Prawn & courgette spaghetti,"['2 yellow courgettes', '3 green courgettes', '2 cloves of garlic', '2 fresh red chillies', '1 bunch of fresh dill or flat-leaf parsley', '500 g dried spaghetti', '1 large knob of unsalted butter', 'extra virgin olive oil', '600 g raw peeled prawns, from sustainable sources', '½ lemon', 'Parmesan cheese , optional']",https://www.jamieoliver.com/recipes/pasta-recipes/prawn-courgette-spaghetti/,https://img.jamieoliver.com/jamieoliver/recipe-database/46263915.jpg?tr=w-330
Veggie carbonara,"['400 g dried linguine', '4 large free-range eggs', '2 tablespoons soft ricotta cheese', '1 lemon', '100 g fresh or frozen peas', '100 g baby spinach']",https://www.jamieoliver.com/recipes/pasta-recipes/veggie-carbonara/,https://img.jamieoliver.com/jamieoliver/recipe-database/CxJXN5kMqE08N4t_qnng4w.jpg?tr=w-330
Pea & Popeye pesto pasta,"['½ a bunch of fresh basil', '2 cloves of garlic', '50 g pine nuts', '250 g fresh peas', '100 g baby spinach', ""100 g hard goat's cheese"", '1 lemon', 'extra virgin olive oil', '600 g dried pasta, in fun shapes', '120 g breadcrumbs']",https://www.jamieoliver.com/recipes/pasta-recipes/pea-popeye-pesto-pasta/,https://img.jamieoliver.com/jamieoliver/recipe-database/6_FsJZrqqaRBsYjhjR4jMw.jpg?tr=w-330
Winter pasta salad,"['2 cloves of garlic', 'a few sprigs of fresh thyme', '300 g wild mushrooms', '300 g leftover cooked higher-welfare ham or turkey', '500 g short pasta', 'olive oil', '3 tablespoons crème fraîche', '200 g baby spinach', 'Parmesan cheese', '1 lemon']",https://www.jamieoliver.com/recipes/pasta-recipes/winter-pasta-salad/,https://img.jamieoliver.com/jamieoliver/recipe-database/1BSdoLz-4bB9U6Y0Y0AsHO.jpg?tr=w-330
Incredible leftover lasagne,"['EGG PASTA DOUGH', '700 g tipo 00 flour', '7 large free-range eggs , or 14 yolks', 'FILLING & BÉCHAMEL', '3 cloves of garlic', '4 onions', '3 sticks of celery', '3 carrots', '½ a bunch of fresh rosemary', 'olive oil', '2 teaspoons dried oregano', '3 x 400 g tin of quality plum tomatoes', '375 ml chianti, or other medium-bodied red wine', '750 g leftover cooked higher-welfare meat, such as chicken, beef, lamb, pork', '1 litre of milk', 'a few peppercorns', '75 g unsalted butter', '75 g plain flour', '100 g Parmesan cheese', '1 x 125 g ball of buffalo mozzarella', 'a few sprigs of fresh basil']",https://www.jamieoliver.com/recipes/pasta-recipes/incredible-leftover-lasagne/,https://img.jamieoliver.com/jamieoliver/recipe-database/46257437.jpg?tr=w-330
Skinny carbonara,"['200 g freshly podded or frozen peas', '1 tablespoon flaked almonds', '1 small clove of garlic', '½ a bunch of fresh basil , (15g)', '15 g Parmesan cheese', '1 lemon', '150 g wholewheat spaghetti', '1 rasher of higher-welfare smoked streaky bacon', 'olive oil', '1 large free-range egg', '100 g fat-free natural yoghurt']",https://www.jamieoliver.com/recipes/pasta-recipes/skinny-carbonara/,https://img.jamieoliver.com/jamieoliver/recipe-database/oldImages/large/1591_9_1439906697.jpg?tr=w-330
Gennaro's pasta frittata – lots of ways,"['4 large free-range eggs', '40 g Parmesan cheese , plus extra to serve', 'sea salt', 'freshly ground black pepper', '400 g leftover cooked pasta', 'extra virgin olive oil']",https://www.jamieoliver.com/recipes/pasta-recipes/gennaro-s-pasta-frittata-lots-of-ways/,https://img.jamieoliver.com/jamieoliver/recipe-database/oldImages/large/1561_1_1436870629.jpg?tr=w-330
Gennaro's simple tuna bucatini,"['200 g bucatini', 'sea salt', '1 large clove of garlic , peeled', '1 fresh red chilli', '2 anchovy fillets', '4 ripe cherry tomatoes', 'extra virgin olive oil', '1 x 180 g tin of quality tuna in olive oil', '1 tablespoon baby capers , rinsed', '1/2 lemon , juice from', '100 g wild rocket , washed']",https://www.jamieoliver.com/recipes/pasta-recipes/gennaro-s-simple-tuna-bucatini/,https://img.jamieoliver.com/jamieoliver/recipe-database/oldImages/large/1560_1_1436886014.jpg?tr=w-330
Gennaro's butternut squash & pancetta penne,"['60 g higher-welfare slices of pancetta', '3 banana shallots , peeled', '½ a fresh red chilli', '650 g butternut squash , peeled and deseeded', 'extra virgin olive oil', '2 sprigs of fresh rosemary , leaves picked', '600 ml hot organic vegetable stock', '400 g penne', 'sea salt', 'freshly ground black pepper', '10 g Parmesan cheese , plus extra to serve']",https://www.jamieoliver.com/recipes/pasta-recipes/gennaro-s-butternut-squash-pancetta-penne/,https://img.jamieoliver.com/jamieoliver/recipe-database/oldImages/large/1559_1_1436795625.jpg?tr=w-330
Gennaro's Parma ham & red pepper with taglierini,"['½ a red or white onion , peeled', '1 red pepper , deseeded', '90 g higher-welfare slices of Parma ham', '¼ of a fresh red chilli', '1 large firm tomato', '½ a bunch of fresh flat-leaf parsley , leaves picked', '200 g taglierini', 'sea salt', 'freshly ground black pepper', 'extra virgin olive oil', '½ an unwaxed lemon , the zest and juice of', 'Parmesan cheese , for grating']",https://www.jamieoliver.com/recipes/pasta-recipes/gennaro-s-parma-ham-red-pepper-with-taglierini/,https://img.jamieoliver.com/jamieoliver/recipe-database/oldImages/large/1557_1_1436870217.jpg?tr=w-330
Family spaghetti Bolognese,"['3 red onions', '2 cloves of garlic', '3 carrots', '3 sticks of celery', '2 sprigs of fresh rosemary', '2 rashers of higher-welfare smoked streaky bacon , or pancetta', 'olive oil', '500 g lean beef mince', '1 x 400 g tin of quality chopped tomatoes', '1 tablespoon tomato purée', '1 tablespoon balsamic vinegar , or red wine vinegar', '3 fresh bay leaves', '1 organic low-salt beef stock cube', '500 g dried spaghetti', '40 g Parmesan cheese , optional']",https://www.jamieoliver.com/recipes/pasta-recipes/family-spaghetti-bolognese/,https://img.jamieoliver.com/jamieoliver/recipe-database/oldImages/large/1551_2_1432135544.jpg?tr=w-330
Michela’s ham & cheese pasta,"['120 g pastina , (little pasta)', '100 g cooked higher-welfare ham', '1 heaped teaspoon soft cream cheese', 'Parmesan cheese']",https://www.jamieoliver.com/recipes/pasta-recipes/michela-s-ham-cheese-pasta/,https://img.jamieoliver.com/jamieoliver/recipe-database/AHJV-jiDq708yxs3Ubrq8g.jpg?tr=w-330
Michela’s carrot & ricotta pasta,"['120 g pastina , (little pasta)', '1 small carrot', '10 g Parmesan cheese', '2 tablespoons ricotta cheese']",https://www.jamieoliver.com/recipes/pasta-recipes/michela-s-carrot-ricotta-pasta/,https://img.jamieoliver.com/jamieoliver/recipe-database/oldImages/large/1529_2_1431620490.jpg?tr=w-330
"Chicken, leek & pea pasta bake","['1 tablespoon butter , plus extra for greasing', '350 g conchiglie pasta', 'olive oil', '2 leeks', '2 cloves of garlic', '100 ml chicken stock', '100 ml white wine', '150 g frozen peas', '200 g cooked chicken', '225 ml milk', '250 g ricotta cheese', '60 g Parmesan cheese']",https://www.jamieoliver.com/recipes/pasta-recipes/chicken-leek-pea-pasta-bake/,https://img.jamieoliver.com/jamieoliver/recipe-database/oldImages/large/1512_40_1439209736.jpg?tr=w-330
Helen’s tuna pasta,"['1 small onion', '1 clove of garlic', '1 green or red pepper', '1 sprig of fresh rosemary or thyme', '300 g dried pasta , (pasta shapes or spaghetti)', '2 tablespoons olive oil', '1 teaspoon bouillon powder , optional', '1 x 400 g tin of chopped tomatoes', '2 x 180 g tins of tuna , (275g drained weight)']",https://www.jamieoliver.com/recipes/pasta-recipes/helen-s-tuna-pasta/,https://img.jamieoliver.com/jamieoliver/recipe-database/oldImages/large/1500_36_1432134324.jpg?tr=w-330
Kerryann’s tuna pasta bake,"['1 onion', '2 cloves of garlic', 'olive oil', '1 pinch of dried chilli flakes', '3 x 400 g tins of chopped tomatoes', '1 bunch of fresh basil , (or use 1 teaspoon dried oregano instead)', 'sea salt', 'freshly ground black pepper', '500 g dried penne', '2 x 180 g tins of tuna from sustainable sources , (275g drained weight)', '150 g mature Cheddar cheese']",https://www.jamieoliver.com/recipes/pasta-recipes/kerryann-s-tuna-pasta-bake/,https://img.jamieoliver.com/jamieoliver/recipe-database/oldImages/large/1488_2_1432023782.jpg?tr=w-330
Jamie’s classic family lasagne,"['2 sprigs of fresh rosemary', '100 g higher-welfare smoked streaky bacon', 'olive oil', '1 kg quality minced beef', '1 kg higher-welfare minced pork', '4 carrots', '2 onions', '4 sticks of celery', '2 heaped tablespoons tomato purée', '4 x 400 g tins of plum tomatoes', '350 g dried lasagne sheets', 'WHITE SAUCE', '150 g mature Cheddar cheese', '2 medium leeks', '2 fresh bay leaves', '4 tablespoons plain flour', '1 litre semi-skimmed milk', '1 whole nutmeg , for grating']",https://www.jamieoliver.com/recipes/pasta-recipes/jamie-s-classic-family-lasagne/,https://img.jamieoliver.com/jamieoliver/recipe-database/oldImages/large/1475_6_1432138866.jpg?tr=w-330
Pasta pesto,"['CHICKEN', '2 x 200 g skinless free-range chicken breasts', '1 teaspoon fennel seeds', '2 sprigs of fresh rosemary', '2 tablespoons rapeseed oil', '4-5 cloves of garlic', '1-2 fresh red chillies', '8 ripe cherry tomatoes', 'PASTA & PESTO', '250 g green beans', '1 big bunch of fresh basil', '50 g blanched almonds', '50 g Parmesan cheese , plus extra to serve', '2 tablespoons extra virgin olive oil', '1 lemon', '1 clove of garlic', '300 g fresh lasagne sheets', '200 g baby spinach']",https://www.jamieoliver.com/recipes/pasta-recipes/pasta-pesto/,https://img.jamieoliver.com/jamieoliver/recipe-database/oldImages/large/1435_1_1436870697.jpg?tr=w-330
Lobster mac 'n' cheese,"['1 x 1.5 kg whole live lobster , (or 2 small ones)', '2 onions', '4 cloves of garlic', '50 g unsalted butter', '1 small pinch of saffron', '½ teaspoon cayenne pepper', '2 anchovy fillets', '200 ml white Burgundy , such as Pouilly-Fuissé', '50 g plain flour', '1.1 litres semi-skimmed milk', '2 teaspoons English mustard', '400 g dried amori pasta , or macaroni', '70 g mature Cheddar cheese', '70 g Gruyère cheese', '70 g Parmesan cheese']",https://www.jamieoliver.com/recipes/pasta-recipes/lobster-mac-n-cheese/,https://img.jamieoliver.com/jamieoliver/recipe-database/oldImages/large/1298_1_1440766937.jpg?tr=w-330
Royal pasta dough,"['400 g good-quality Tipo 00 flour , plus extra for dusting', '75 g fine semolina', '12 large free-range eggs', '2 tablespoons extra virgin olive oil']",https://www.jamieoliver.com/recipes/pasta-recipes/royal-pasta-dough/,https://img.jamieoliver.com/jamieoliver/recipe-database/oldImages/large/1296_1_1436883731.jpg?tr=w-330
Bolognese ravioli,"['FILLING', '400 g higher-welfare minced pork', '400 g higher-welfare minced veal , or beef', 'olive oil', '2 cloves of garlic', '2 onions', '2 carrots', '2 sticks of celery', '200 ml Chianti Classico', '2 x 400 g tins of quality plum tomatoes', '100 g Parmesan cheese , plus extra to serve', 'PASTA', '1 x', 'fine semolina', 'SAUCE', '4 cloves of garlic', '1-2 fresh red chillies', '3 x 400 g tins of quality plum tomatoes', 'a few sprigs of fresh basil']",https://www.jamieoliver.com/recipes/pasta-recipes/bolognese-ravioli/,https://img.jamieoliver.com/jamieoliver/recipe-database/46342145.jpg?tr=w-330
Vegan mac ‘n’ cheese,"['350 g dried macaroni', 'sea salt', 'freshly ground black pepper', '1 onion', '1 litre unsweetened organic soya milk', '100 g dairy-free margarine', '85 g plain flour', '1 heaped teaspoon English mustard', '1½ tablespoons nutritional yeast flakes', '50 g vegan cheese , optional (available from specialist stores)', '5 cloves of garlic', '½ a bunch of fresh thyme', 'olive oil', '40 g fresh breadcrumbs']",https://www.jamieoliver.com/recipes/pasta-recipes/vegan-mac-n-cheese/,https://img.jamieoliver.com/jamieoliver/recipe-database/oldImages/large/1249_15_1436960275.jpg?tr=w-330
Basil gnudi,"['2 large bunches of basil , (60g)', '250 g fresh ricotta', '125 g Parmesan cheese', '2 large free-range eggs', '1 free-range egg yolk', '75 g plain flour , plus a little extra', 'semolina flour , for dusting', '15 g butter', '1 unwaxed lemon', '30 g grated pecorino cheese , to serve']",https://www.jamieoliver.com/recipes/pasta-recipes/basil-gnudi/,https://img.jamieoliver.com/jamieoliver/recipe-database/oldImages/large/1236_1_1436966638.jpg?tr=w-330
Wholewheat ravioli with courgette flowers & ricotta,"['200 g Tipo 00 flour , plus extra for dusting', '100 g wholewheat flour', '3 large free-range eggs', 'filling', '20 courgette flowers', '250 g good-quality ricotta', 'a few sprigs of fresh mint', '1 small fresh red chilli', 'sauce', '600 g ripe tomatoes', '½ a bunch of fresh basil , (15g)', 'extra virgin olive oil', 'young pecorino cheese , to serve']",https://www.jamieoliver.com/recipes/pasta-recipes/wholewheat-ravioli-with-courgette-flowers-ricotta/,https://img.jamieoliver.com/jamieoliver/recipe-database/oldImages/large/1231_1_1436963444.jpg?tr=w-330
Rigatoni with roasted tomatoes & ricotta salata,"['1.5 kg vine tomatoes', '4 cloves of garlic', '3 fresh bay leaves', '5 fresh thyme sprigs', '1 splash of red wine vinegar', '400 g dried rigatoni', 'extra virgin olive oil', '80 g ricotta salata cheese', 'optional: ½ a bunch of fresh basil (15g)']",https://www.jamieoliver.com/recipes/pasta-recipes/rigatoni-with-roasted-tomatoes-ricotta-salata/,https://img.jamieoliver.com/jamieoliver/recipe-database/oldImages/large/1193_1_1436881866.jpg?tr=w-330
Spinach & ricotta cannelloni,"['400 g spinach', 'extra-virgin olive oil', '¼ teaspoon ground nutmeg', '1 onion', '2 cloves of garlic', '2 x 400 g tins of quality plum tomatoes', '1 bay leaf', '½ a bunch of fresh basil , (15g)', '½ a lemon', '1 large free-range egg', 'Parmesan cheese', '250 g ricotta', '150 g cannelloni , about 14 tubes', '2 x 125 g mozzarella balls']",https://www.jamieoliver.com/recipes/pasta-recipes/spinach-ricotta-cannelloni/,https://img.jamieoliver.com/jamieoliver/recipe-database/oldImages/large/1185_6_1438682392.jpg?tr=w-330
Crab rigatoni,"['4 cloves of garlic', '2 large fennel bulbs', 'olive oil', '1 bunch of flat-leaf parsley', '1 teaspoon dried chilli flakes', '½ teaspoon ground cinnamon', '½ teaspoon fennel seeds', '2 lemons', '2 x 400g tins of chopped tomatoes', '250 g cherry tomatoes , on the vine', '500 g rigatoni , dried or fresh', '250 g undressed brown crabmeat , from sustainable sources', '250 g white crabmeat , from sustainable sources']",https://www.jamieoliver.com/recipes/pasta-recipes/crab-rigatoni/,https://img.jamieoliver.com/jamieoliver/recipe-database/oldImages/large/1135_1_1440758921.jpg?tr=w-330
Gluten-free pasta dough,"['150 g gluten-free rice flour , plus extra for dusting', '50 g potato starch', '1 tablespoon corn flour', '2 tablespoons xanthan gum', '¼ teaspoon fine sea salt', '3 large free-range eggs', '1 tablespoon extra virgin olive oil']",https://www.jamieoliver.com/recipes/pasta-recipes/gluten-free-pasta-dough/,https://img.jamieoliver.com/jamieoliver/recipe-database/oldImages/large/1116_2_1437996867.jpg?tr=w-330
Carbonara of smoked mackerel,"['320 g dried penne', '1 onion', '1 large courgette', '2 sprigs of fresh rosemary', '130 g smoked boneless mackerel fillets , from sustainable sources', 'olive oil', '2 large free-range eggs', '100 ml semi-skimmed milk', '40 g Parmesan cheese', '1 lemon , optional']",https://www.jamieoliver.com/recipes/pasta-recipes/carbonara-of-smoked-mackerel/,https://img.jamieoliver.com/jamieoliver/recipe-database/oldImages/large/1081_1_1436887372.jpg?tr=w-330
Classic tomato spaghetti,"['1 bunch of fresh basil', '1 medium onion', '2 cloves of garlic', '1 kg ripe tomatoes , or 2 x 400g tins of quality chopped tomatoes', 'olive oil', '1 tablespoon red wine or balsamic vinegar', '480 g dried wholewheat spaghetti', '15 g Parmesan cheese']",https://www.jamieoliver.com/recipes/pasta-recipes/classic-tomato-spaghetti/,https://img.jamieoliver.com/jamieoliver/recipe-database/oldImages/large/1065_2_1393856705.jpg?tr=w-330
Sienna Miller's duck ragù,"['1 x 2 kg whole duck', 'olive oil', '2 medium red onions', '4 cloves of garlic', '1 stick of celery', '300 ml Chianti , or other red wine', '2 x 400 g tins of quality plum tomatoes', '100 g raisins', '2 sprigs of fresh rosemary', '3 fresh bay leaves', '1 x', 'fine semolina , for dusting', 'extra virgin olive oil', 'Parmesan cheese , for grating', 'DUCK SKIN PANGRATTATO', '1 clove of garlic', '1 thick slice of quality stale bread', '4 sprigs if fresh thyme']",https://www.jamieoliver.com/recipes/duck-recipes/sienna-miller-s-duck-rag/,https://img.jamieoliver.com/jamieoliver/recipe-database/83619412.jpg?tr=w-330
Jools' sweet pea & prawn pasta shells,"['320 g dried pasta shells', '4 cloves of garlic', '1 fresh red chilli', 'olive oil', '200 g frozen sustainably sourced peeled cooked prawns', '200 g frozen peas', '1 heaped tablespoon tomato purée', '30 g Parmesan cheese']",https://www.jamieoliver.com/recipes/pasta-recipes/jools-sweet-pea-prawn-pasta-shells/,https://img.jamieoliver.com/jamieoliver/recipe-database/46471379.jpg?tr=w-330
Grandad's mussel linguine (Linguine con cozze di Nonno),"['extra virgin olive oil', '2 cloves of garlic , sliced', '1-2 pinches of crumbled dried chilli', '1 anchovy fillet', '12 ripe cherry tomatoes , halved', '250 g fresh linguine', '1 kg mussels , washed and debearded', 'a small bunch of fresh parsley , chopped', 'sea salt', 'freshly ground black pepper']",https://www.jamieoliver.com/recipes/pasta-recipes/grandad-s-mussel-linguine-linguine-con-cozze-di-nonno/,https://img.jamieoliver.com/jamieoliver/recipe-database/oldImages/large/951_1_1439213778.jpg?tr=w-330
Gennaro’s spaghetti alla puttanesca,"['4 cloves of garlic', '1 small handful of black olives , (stone in)', '2 handfuls very ripe cherry tomatoes', '2 fresh red chillies', '½ a bunch of fresh basil , (15g)', '400 g dried spaghetti', 'olive oil', '3 anchovy fillets', 'Parmesan cheese']",https://www.jamieoliver.com/recipes/pasta-recipes/gennaro-s-spaghetti-alla-puttanesca/,https://img.jamieoliver.com/jamieoliver/recipe-database/oldImages/large/917_1_1439213159.jpg?tr=w-330
Southend-stylee pappardelle,"['400 g higher-welfare sausages', 'olive oil', '1 bulb of fennel , trimmed and finely chopped', '½ teaspoon fennel seeds', '1 small dried red chilli', '2 sprigs of fresh rosemary , leaves picked', '250 ml white wine', '1 x 700 ml jar of passata', 'Parmesan cheese , for grating', 'sea salt', 'freshly ground pepper', 'extra virgin olive oil', 'For the pasta', '4 large free-range eggs', '400 g ‘00’ Tipo flour , plus extra for dusting', 'sea salt']",https://www.jamieoliver.com/recipes/pasta-recipes/southend-stylee-pappardelle/,https://img.jamieoliver.com/jamieoliver/recipe-database/oldImages/large/860_1_1436887980.jpg?tr=w-330
Chorizo carbonara,"['SALAD', '25 g pine nuts', '1 red chicory', '1 green chicory', '2 clementines', '100 g baby spinach', '4 sprigs of fresh mint', '45 g Manchego cheese', '2 tablespoons sherry vinegar', '2 tablespoons extra virgin olive oil', '1 teaspoon runny honey', 'PASTA', '320 g dried penne', '70 g Iberico chorizo', '½–1 fresh red chilli', '2 sprigs of fresh rosemary', 'olive oil', '4 cloves of garlic', '1 large free-range egg', '½ a lemon', '2 heaped tablespoons fat-free natural yoghurt']",https://www.jamieoliver.com/recipes/pasta-recipes/chorizo-carbonara-with-catalan-market-salad/,https://img.jamieoliver.com/jamieoliver/recipe-database/oldImages/large/856_1_1436536167.jpg?tr=w-330
Wonderful wild garlic & sausage fusilli,"['2 heaped teaspoons fennel seeds', '2 dried red chillies , crumbled', 'olive oil', '4 higher-welfare coarse Italian or Cumberland sausages', '4 handfuls wild garlic leaves , washed, or 4 cloves of garlic, peeled, plus 4 handfuls of spinach leaves, washed', '320 g fusilli', '1 lemon', 'sea salt', 'freshly ground black pepper', '1 small handful Parmesan cheese , freshly grated, plus extra for serving']",https://www.jamieoliver.com/recipes/pasta-recipes/wonderful-wild-garlic-and-sausage-fusilli/,https://img.jamieoliver.com/jamieoliver/recipe-database/oldImages/large/737_1_1436963938.jpg?tr=w-330
Tagliatelle with asparagus and tomato,"['olive oil', '2 cloves garlic , peeled and sliced', '1 small bunch basil , leaves and stalks finely chopped', '2 x 400 g tinned plum tomatoes', 'sea salt', 'freshly ground black pepper', '1 bunch asparagus', '500 g fresh tagliatelle', 'extra virgin olive oil , to serve', 'Parmesan cheese , to serve']",https://www.jamieoliver.com/recipes/pasta-recipes/tagliatelle-with-asparagus-and-tomato/,https://img.jamieoliver.com/jamieoliver/recipe-database/oldImages/large/736_1_1436892240.jpg?tr=w-330
"Tagliatelle, Genovese-style","['1 handful pine nuts , about 40g, lightly toasted', '½ small clove garlic', '1 big bunch fresh basil , about 60g, leaves picked, coarsely chopped, plus extra to serve', '1 lemon , juice of', 'extra virgin olive oil', '150 g pecorino cheese , grated', '200 g new potatoes', '500 g fresh tagliatelle', '1 big handful fine green beans , topped and tailed']",https://www.jamieoliver.com/recipes/pasta-recipes/tagliatelle-genovese-style/,https://img.jamieoliver.com/jamieoliver/recipe-database/oldImages/large/688_1_1436892202.jpg?tr=w-330
Orecchiette with raw tomato sauce,"['500 g red and yellow cherry tomatoes , quartered', '150 g black olives , stoned', '6 anchovy fillets in oil , drained and finely sliced', '1 clove garlic , finely sliced', 'extra virgin olive oil', '400 g orecchiette pasta', '1 sprig fresh marjoram, oregano or thyme , leaves picked']",https://www.jamieoliver.com/recipes/pasta-recipes/orecchiette-with-raw-tomato-sauce/,https://img.jamieoliver.com/jamieoliver/recipe-database/oldImages/large/674_1_1421682322.jpg?tr=w-330
The best pasta salad,"['310 g small shell-shaped pasta', '3 cloves garlic', '255 g yellow cherry tomatoes', '255 g red cherry tomatoes', '1 handful black olives , pitted', '2 tablespoons fresh chives', '1 handful fresh basil', '½ cucumber', '4 tablespoons white wine vinegar , or to taste', '7 tablespoons extra virgin olive oil', 'sea salt', 'freshly ground black pepper']",https://www.jamieoliver.com/recipes/pasta-recipes/the-best-pasta-salad/,https://img.jamieoliver.com/jamieoliver/recipe-database/oldImages/large/603_1_1438764345.jpg?tr=w-330
Taglierini with a simple sweet tomato sauce and shrimps,"['8 plum tomatoes', 'sea salt', 'freshly ground black pepper', 'extra virgin olive oil', '300 g small peeled prawns or shrimps , from sustainable sources, ask your fishmonger', '1 clove garlic , peeled and finely chopped', '1 lemon , zest and juice of', '2 shots Vecchia Romana or Cognac', '142 ml single cream', '400 g fresh or dried taglierini', '1 large handful fresh parsley , roughly chopped']",https://www.jamieoliver.com/recipes/pasta-recipes/taglierini-with-a-simple-sweet-tomato-sauce-and-shrimps/,https://img.jamieoliver.com/jamieoliver/recipe-database/oldImages/large/590_1_1421682387.jpg?tr=w-330
"Tagliatelle with asparagus, crispy pancetta and Parmesan","['1 bunch asparagus', '12 thin slices higher-welfare pancetta , sliced into small strips', '500 g fresh egg tagliatelle', '40 g Parmesan , grated', 'sea salt', 'freshly ground black pepper', 'extra virgin olive oil']",https://www.jamieoliver.com/recipes/pasta-recipes/tagliatelle-with-asparagus-crispy-pancetta-and-parmesan/,https://img.jamieoliver.com/jamieoliver/recipe-database/6_a72CG7qmhBUD6akzgqa7.jpg?tr=w-330
Summertime tagliarini,"['75 g pine nuts', '2 lemons , juice and zest of', '1 bunch fresh flat-leaf parsley (30g) , leaves picked, half finely chopped and half left whole', '135 ml extra virgin olive oil', '95 g Parmesan cheese , freshly grated, plus extra for shaving', '30 g pecorino cheese , freshly grated', '320 g good-quality tagliarini or tagliatelle']",https://www.jamieoliver.com/recipes/pasta-recipes/summertime-tagliarini/,https://img.jamieoliver.com/jamieoliver/recipe-database/oldImages/large/575_1_1436891328.jpg?tr=w-330
Squash and ricotta pasta bake,"['1 butternut squash , peeled, deseeded and chopped into 2.5cm pieces', 'olive oil', '2 cloves of garlic , peeled and finely sliced', '1 bunch of fresh basil , leaves picked, stalks finely chopped', '1 x 400 g tins of chopped tomatoes', 'sea salt', '500 g dried penne', 'freshly ground black pepper', '3 tablespoons ricotta cheese', '750 ml organic vegetable stock', '150 g mozzarella ball', '1 handful Parmesan cheese , freshly grated', '2 sprigs fresh sage , leaves picked']",https://www.jamieoliver.com/recipes/pasta-recipes/squash-and-ricotta-pasta-bake/,https://img.jamieoliver.com/jamieoliver/recipe-database/oldImages/large/538_1_1436889976.jpg?tr=w-330
Spaghetti with prawns and rocket (Spaghetti con gamberetti e rucola),"['455 g dried spaghetti', '2 cloves garlic', 'extra virgin olive oil', '1-2 dried red chillies', '400 g peeled raw prawns , from sustainable sources, ask your fishmonger', '1 small wineglass white wine', '2 heaped tablespoons sun-dried tomato purée , or 6 sun-dried tomatoes blitzed in a blender', '1 lemon', '2 handfuls of rocket']",https://www.jamieoliver.com/recipes/pasta-recipes/spaghetti-with-prawns-and-rocket-spaghetti-con-gamberetti-e-rucola/,https://img.jamieoliver.com/jamieoliver/recipe-database/oldImages/large/521_1_1438704359.jpg?tr=w-330
Spaghetti vongole,"['1 kg small clams , from sustainable sources, ask your fishmonger, scrubbed clean', '½ a bunch fresh flat-leaf parsley (15g)', '4 cloves garlic', '10 cherry tomatoes', '250 ml white wine', '400 g dried spaghetti', 'extra virgin olive oil', '1-2 dried red chillies']",https://www.jamieoliver.com/recipes/pasta-recipes/spaghetti-vongole/,https://img.jamieoliver.com/jamieoliver/recipe-database/oldImages/large/520_1_1349691756.jpg?tr=w-330
Simple summer spaghetti,"['500 g mixed red and yellow cherry tomatoes', '150 g black olives', '1 clove of garlic', 'red wine vinegar', '1 bunch of fresh lemon basil , (30g)', '1 bunch of fresh marjoram , (30g)', 'extra virgin olive oil', '400 g spaghetti or linguine']",https://www.jamieoliver.com/recipes/pasta-recipes/simple-summer-spaghetti/,https://img.jamieoliver.com/jamieoliver/recipe-database/oldImages/large/495_1_1439310680.jpg?tr=w-330
Sausage carbonara (Linguine alla carbonara di salsiccia),"['4 quality Italian sausages', 'olive oil', '2 slices thickly cut higher-welfare pancetta , chopped', 'sea salt', 'freshly ground black pepper', '320 g dried linguine', '4 large free-range egg yolks', '100 ml single cream', '50 g Parmesan cheese , freshly grated', '1 lemon , zest of', '1 sprig fresh flat-leaf parsley , chopped', 'extra virgin olive oil']",https://www.jamieoliver.com/recipes/pasta-recipes/sausage-carbonara-linguine-alla-carbonara-di-salsiccia/,https://img.jamieoliver.com/jamieoliver/recipe-database/oldImages/large/481_1_1438704086.jpg?tr=w-330
Quick tomato macaroni cheese,"['340 g macaroni', '200 g bread , preferably stale, for making breadcrumbs', '800 g super-ripe tomatoes', '1 clove garlic , peeled', '2 large handfuls fresh basil', '55 g sun-dried tomatoes , chopped', '2 anchovies', 'sea salt', 'freshly ground black pepper', '3 handfuls Parmesan cheese , freshly grated', '565 ml single cream', '1 tablespoon red wine vinegar', '½ nutmeg , grated', ""400 g cow's milk mozzarella , broken up"", '1 handful fresh thyme , leaves picked', 'extra virgin olive oil']",https://www.jamieoliver.com/recipes/pasta-recipes/quick-tomato-macaroni-cheese/,https://img.jamieoliver.com/jamieoliver/recipe-database/oldImages/large/433_1_1439306583.jpg?tr=w-330
"Quick sausage meatballs with a tomato & basil sauce, spaghetti & sweet raw peas","['olive oil', '8 good-quality pork sausages', '500 g spaghetti', '300 g fresh peas , in their pods', '1 block Parmesan cheese , to serve', 'a few sprigs fresh marjoram, thyme or rosemary , leaves picked', 'For the tomato sauce', 'olive oil', '2 cloves garlic , peeled and finely sliced', '½ a bunch of fresh basil , (30g), leaves picked, stalks finely chopped', '2 x 400 g good-quality tinned plum tomatoes', 'good-quality balsamic vinegar']",https://www.jamieoliver.com/recipes/pasta-recipes/quick-sausage-meatballs-with-a-tomato-and-basil-sauce-spaghetti-and-sweet-raw-peas/,https://img.jamieoliver.com/jamieoliver/recipe-database/oldImages/large/432_1_1436880109.jpg?tr=w-330
Spicy sausage fusilli,"['2 dried red chillies', '2 heaped teaspoons fennel seeds', 'olive oil', '600 g quality Italian sausages, Cumberland sausages or higher-welfare pork mince', '1 tablespoon dried oregano', '250 ml white wine', '1 lemon', '500 g fusilli or penne', '20 g Parmesan cheese , plus extra for serving', '½ a bunch of fresh flat-leaf parsley (15g)']",https://www.jamieoliver.com/recipes/pasta-recipes/spicy-sausage-fusilli/,https://img.jamieoliver.com/jamieoliver/recipe-database/oldImages/large/422_1_1439304800.jpg?tr=w-330
"Penne with tomato, basil, olives and pecorino","['750 g pomodorino tomatoes', 'olive oil', 'sea salt', 'freshly ground black pepper', 'good-quality balsamic vinegar', '500 g penne', '200 g black olives , stoned and halved', '1 small bunch fresh basil , leaves picked', '1 chunk pecorino cheese , to serve']",https://www.jamieoliver.com/recipes/pasta-recipes/penne-with-tomato-basil-olives-and-pecorino/,https://img.jamieoliver.com/jamieoliver/recipe-database/oldImages/large/386_1_1350903617.jpg?tr=w-330
Pasta peperonata,"['2 red peppers', '2 yellow peppers', 'extra virgin olive oil', '2 red onions', '2 cloves of garlic', '2 handfuls of fresh flat-leaf parsley', '2 tablespoons red wine vinegar or balsamic vinegar', '2 handfuls of Parmesan cheese', '2 heaped tablespoons mascarpone cheese or crème fraîche , optional', '455 g rigatoni, penne or spaghetti']",https://www.jamieoliver.com/recipes/pasta-recipes/pasta-peperonata/,https://img.jamieoliver.com/jamieoliver/recipe-database/oldImages/large/382_1_1438867908.jpg?tr=w-330
Parsnip and pancetta tagliatelle with parmesan and butter,"['8 slices higher-welfare pancetta or dry-cured smoked streaky bacon', '1 handful fresh rosemary, thyme or summer savory , leaves picked', '1 good knob butter', '2 cloves garlic , peeled and finely sliced', '2 parsnips , peeled and finely sliced', '455 g dried tagliatelle', '1 good handful Parmesan cheese , grated', 'sea salt', 'freshly ground black pepper', '1 tablespoon olive oil']",https://www.jamieoliver.com/recipes/pasta-recipes/parsnip-and-pancetta-tagliatelle-with-parmesan-and-butter/,https://img.jamieoliver.com/jamieoliver/recipe-database/oldImages/large/380_1_1438764104.jpg?tr=w-330
Oven-baked rigatoni with wild boar salami,"['1 good lug extra virgin olive oil', '½ wild boar salami , sliced (or use Napoli salami)', '1 red onion , peeled and sliced', '1 clove garlic , peeled and sliced', '4 tablespoons balsamic vinegar', '400 g tinned chopped tomatoes', '3 tablespoons crème fraîche', '1 large bunch fresh basil , leaves picked and chopped', 'sea salt', 'freshly ground black pepper', '300 g rigatoni', '1 ball buffalo mozzarella , sliced']",https://www.jamieoliver.com/recipes/pasta-recipes/oven-baked-rigatoni-with-wild-boar-salami/,https://img.jamieoliver.com/jamieoliver/recipe-database/oldImages/large/370_1_1439304364.jpg?tr=w-330
Mini shell pasta with a creamy smoked bacon & pea sauce,"['6 slices higher-welfare smoked streaky bacon or pancetta', '1 small bunch fresh mint', '100 g Parmesan cheese', '1 organic chicken stock cube , optional', '400 g dried mini shell pasta', 'olive oil', '300 g frozen peas', '2 heaped dessertspoons half-fat crème fraîche', '1 lemon']",https://www.jamieoliver.com/recipes/pasta-recipes/mini-shell-pasta-with-a-creamy-smoked-bacon-and-pea-sauce/,https://img.jamieoliver.com/jamieoliver/recipe-database/oldImages/large/341_1_1436866576.jpg?tr=w-330
Mediterranean-style herring linguine,"['500 g dried linguine', '2 cloves of garlic', '1 fresh red chilli', '½ a bunch fresh flat-leaf parsley , (15g)', 'olive oil', '1 tablespoon baby capers', '4 x 40 g herring fillets , skin on, scaled, pin-boned, from sustainable sources', '1 handful of ripe cherry tomatoes , on the vine', '1 lemon', '1 knob unsalted butter , optional', 'extra virgin olive oil']",https://www.jamieoliver.com/recipes/pasta-recipes/mediterranean-style-herring-linguine/,https://img.jamieoliver.com/jamieoliver/recipe-database/oldImages/large/334_1_1436865611.jpg?tr=w-330
Meatballs &  pasta,"[""12 Jacob's cream crackers"", '4 sprigs of fresh rosemary', '2 heaped teaspoons Dijon mustard', '500 g quality minced beef, pork, or a mixture of the two', '1 heaped tablespoon dried oregano', '1 large free-range egg', 'olive oil', '1 bunch of fresh basil', '1 medium onion', '2 cloves of garlic', '½ a fresh or dried red chilli', '2 x 400 g tin of plum tomatoes', '2 tablespoons balsamic vinegar', '400 g dried spaghetti or penne', 'Parmesan cheese']",https://www.jamieoliver.com/recipes/pasta-recipes/meatballs-and-pasta/,https://img.jamieoliver.com/jamieoliver/recipe-database/oldImages/large/331_1_1436865256.jpg?tr=w-330
Mackerel pasta salad,"['4 handfuls of green beans', '400 g farfalle or other dried pasta', '2 handfuls of black olives , (stone in)', '1 lemon', 'extra virgin olive oil', '1 jar of quality mackerel , from sustainable sources', '400 g ripe cherry tomatoes', '½ a bunch of fresh flat-leaf parsley , (15g)']",https://www.jamieoliver.com/recipes/pasta-recipes/mackerel-pasta-salad/,https://img.jamieoliver.com/jamieoliver/recipe-database/oldImages/large/326_1_1436862135.jpg?tr=w-330
Macaroni cheese,"['500 g quality macaroni', 'olive oil', '½ a bunch of fresh marjoram or oregano (15g) , leaves picked', '75 g Parmesan cheese , freshly grated, plus extra for grating', '75 g fontina or Taleggio cheese , roughly torn', '75 g mascarpone cheese', '1 whole nutmeg , for grating', '1 small ball buffalo mozzarella cheese']",https://www.jamieoliver.com/recipes/pasta-recipes/macaroni-cheese/,https://img.jamieoliver.com/jamieoliver/recipe-database/oldImages/large/325_1_1438961576.jpg?tr=w-330
Lemon linguine,"['500 g dried linguine', '3 Sicilian lemons', 'extra virgin olive oil', '125 g Parmesan cheese', '1 bunch of fresh basil', '1 handful of rocket']",https://www.jamieoliver.com/recipes/pasta-recipes/lemon-linguine/,https://img.jamieoliver.com/jamieoliver/recipe-database/oldImages/large/314_1_1436805296.jpg?tr=w-330
Farfalle with carbonara and spring peas,"['455 g farfalle', '1 free-range egg', '100 ml double cream', '12 rashers of higher-welfare pancetta or smoked streaky bacon', '3 handfuls of fresh podded or frozen peas', '2 sprigs of fresh mint', '2 handfuls of Parmesan cheese']",https://www.jamieoliver.com/recipes/pasta-recipes/farfalle-with-carbonara-and-spring-peas/,https://img.jamieoliver.com/jamieoliver/recipe-database/oldImages/large/200_1_1421681798.jpg?tr=w-330
Chicken and mushroom pasta bake (Spaghetti tetrazzini),"['20 g dried porcini mushrooms', 'olive oil', '4 higher-welfare chicken thighs , boned, skinned and cut into bite-sized pieces', 'sea salt', 'freshly ground black pepper', '2 cloves of garlic , peeled and finely sliced', '350 g mixed fresh mushrooms , cleaned and torn', '200 ml white wine', '320 g dried spaghetti', '300 ml single cream', '150 g Parmesan cheese , grated', '1 sprig of fresh basil , leaves picked']",https://www.jamieoliver.com/recipes/pasta-recipes/chicken-and-mushroom-pasta-bake-spaghetti-tetrazzini/,https://img.jamieoliver.com/jamieoliver/recipe-database/oldImages/large/125_1_1439299075.jpg?tr=w-330
Cheat’s homemade pappardelle with quick tomato sauce,"['extra virgin olive oil', '2 cloves garlic , peeled and finely sliced', '½-1 fresh red chilli , halved, deseeded and finely sliced', '1 small bunch of fresh basil , leaves picked', '400 g good-quality tinned chopped tomatoes', 'sea salt', 'freshly ground black pepper', '250 g fresh lasagne sheets', 'Parmesan cheese , freshly grated, to serve']",https://www.jamieoliver.com/recipes/pasta-recipes/cheat-s-homemade-pappardelle-with-quick-tomato-sauce/,https://img.jamieoliver.com/jamieoliver/recipe-database/46225192.jpg?tr=w-330
Baked pasta with tomatoes & mozzarella (Pasta al forno con pomodori e mozzarella),"['extra virgin olive oil', '1 white onion , peeled and finely chopped', '2 cloves garlic , peeled and finely sliced', '1-2 dried red chillies , crumbled', '1.5 kg ripe tomatoes , or 3 x 400g cans of good-quality plum tomatoes', '1 large handful fresh basil leaves', '1 tablespoon red wine vinegar , optional', '14 oz dried orecchiette', '4 big handfuls Parmesan cheese , freshly grated', '3 x 5 oz mozzarella balls']",https://www.jamieoliver.com/recipes/pasta-recipes/baked-pasta-with-tomatoes-and-mozzarella-pasta-al-forno-con-pomodori-e-mozzarella/,https://img.jamieoliver.com/jamieoliver/recipe-database/oldImages/large/43_1_1439914636.jpg?tr=w-330
Awesome spinach & ricotta cannelloni,"['2 knobs butter', 'olive oil', '2 cloves garlic , peeled and finely sliced', '1 large handful fresh marjoram or oregano , roughly chopped', '¼ nutmeg , grated', '8 large handfuls spinach , thoroughly washed', '1 handful fresh basil , stalks chopped, leaves ripped', '2 x 400 g good-quality tinned plum tomatoes , chopped', 'sea salt', 'freshly ground black pepper', '1 pinch sugar', '400 g crumbly ricotta cheese', '2 handfuls Parmesan cheese , freshly grated', '16 cannelloni tubes', '200 g mozzarella , broken up', 'WHITE SAUCE', '500 ml crème fraîche', '3 anchovies , finely chopped', '2 handfuls Parmesan cheese , freshly grated']",https://www.jamieoliver.com/recipes/pasta-recipes/awesome-spinach-and-ricotta-cannelloni/,https://img.jamieoliver.com/jamieoliver/recipe-database/oldImages/large/34_1_1439914604.jpg?tr=w-330
A killer mac 'n' cheese,"['10 cloves of garlic', '45 g butter', '3 heaped tablespoons plain flour', '6 bay leaves', '1 litre semi-skimmed milk', '600 g dried macaroni', '8 tomatoes', '150 g Cheddar cheese', '100 g Parmesan cheese', 'a few sprigs of fresh thyme', 'OPTIONAL', '2 splashes of Worcestershire sauce', 'OPTIONAL', '1 whole nutmeg , for grating', '3 big handfuls of fresh breadcrumbs', 'olive oil']",https://www.jamieoliver.com/recipes/pasta-recipes/a-killer-mac-n-cheese/,https://img.jamieoliver.com/jamieoliver/recipe-database/oldImages/large/9_1_1421681742.jpg?tr=w-330
Asparagus & crab linguine,"['500 g dried linguine', '1 fresh red chilli', '1 large knob of butter', 'extra virgin olive oil', '½ teaspoon fennel seeds', '300 g crabmeat , from sustainable sources', '2 bunches of asparagus', '1 lemon', 'pea shoots or rocket , to serve']",https://www.jamieoliver.com/recipes/pasta-recipes/asparagus-amp-crab-linguine/,https://img.jamieoliver.com/jamieoliver/recipe-database/46256443.jpg?tr=w-330
